Name,ERR15165505,ERR15165506,ERR15165507,ERR15165508,ERR15165516,ERR15165517,ERR15165520,ERR15165521,ERR15165522,ERR15165526,ERR15165528,ERR15165531,Reference
ERR15165505,0,1,0,0,0,0,0,0,1,0,0,0,96
ERR15165506,1,0,1,1,1,1,1,1,2,1,1,1,97
ERR15165507,0,1,0,0,1,0,0,0,1,0,0,0,97
ERR15165508,0,1,0,0,1,0,0,0,1,0,0,0,97
ERR15165516,0,1,1,1,0,1,1,1,2,1,1,1,96
ERR15165517,0,1,0,0,1,0,0,0,1,0,0,0,97
ERR15165520,0,1,0,0,1,0,0,0,1,0,0,0,97
ERR15165521,0,1,0,0,1,0,0,0,1,0,0,0,97
ERR15165522,1,2,1,1,2,1,1,1,0,1,1,1,98
ERR15165526,0,1,0,0,1,0,0,0,1,0,0,0,97
ERR15165528,0,1,0,0,1,0,0,0,1,0,0,0,97
ERR15165531,0,1,0,0,1,0,0,0,1,0,0,0,97
Reference,96,97,97,97,96,97,97,97,98,97,97,97,0